X,Y,fid,Feature Type,Feature Name,Alternative Name (AKA),Formerly Known As,Address,Telephone,Website,Owned / Operated By,Number of Staff / Employees,Operating Since,Services Offered,Maximum Capacity,Current Occupancy,Electric available?,Water available?,Remarks,Contact Person,Title / Position,Contact Telephone,Contact Email,Picture (Front),Picture 2,Picture 3,Observation Number,Date and Time,Observer Name,X Coordinate,Y Coordinate,School Type,Place of Worship Type,Money Places,icon_url
-16.6716861354828,13.4209624478249,"8","11",Baitul Salam Mosque,Ahmadiyya mosque,,Tallinding ,"7010807",,Ahmadiyya muslim jamat The Gambia,"2",,Worship,"300","300","1","1",,Ibrahima Jam Jawo,Third Deputy Amir ,"2842482",jankojawo@gmail.com,210405-120156.jpg,210405-120240.jpg,210405-120307.jpg,,2021/04/05 10:39:27,sainey@mettafly.com,-1855634.52738329,1508283.41043078,,"6",,./0.png
-16.6694172773646,13.425149011648,"9","4",Tallinding Central Cemetery ,,,Tallinding,"7742870","<!DOCTYPE HTML PUBLIC ""-//W3C//DTD HTML 4.0//EN"" ""http://www.w3.org/TR/REC-html40/strict.dtd"">
<html><head><meta name=""qrichtext"" content=""1"" /><style type=""text/css"">
p, li { white-space: pre-wrap; }
</style></head><body style="" font-family:'MS Shell Dlg 2'; font-size:8.25pt; font-weight:400; font-style:normal;"">
<p style=""-qt-paragraph-type:empty; margin-top:0px; margin-bottom:0px; margin-left:0px; margin-right:0px; -qt-block-indent:0; text-indent:0px; font-family:'Lato'; font-size:15pt;""><br /></p></body></html>",Community,"1",,Null,"0","0","1","1",,Fabakary Jatta,Care Taker/Guard,"7742870",,JPEG_20210405_104333_1484651983578959327.jpg,JPEG_20210405_104358_9107169419343522291.jpg,JPEG_20210405_104417_4602240020479949233.jpg,,2021/04/05 10:36:54,sainey@mettafly.com,-1855924.60628576,1508012.41659117,,"6",,./1.png
-16.6577655651938,13.4299093193461,"10","11","ECG, Talinding Church",,,Tallinding Gidima,"7477728",,Kyong Bae Kim,,2021/01/01,,,,"1","1",,Edu  Jatta,Director,"7477728",,JPEG_20210405_131158_4222739305016242663.jpg,JPEG_20210405_131241_4835533868361916030.jpg,JPEG_20210405_131312_1332834711222179658.jpg,,2021/04/05 13:06:20,sainey@mettafly.com,-5711932.94534212,-6848890.79187179,,"3",,./0.png
-16.67331,13.4185366666667,"11","8",MSJ  Bureau De Change Ltd,,,Tallinding South,"7885046","<!DOCTYPE HTML PUBLIC ""-//W3C//DTD HTML 4.0//EN"" ""http://www.w3.org/TR/REC-html40/strict.dtd"">
<html><head><meta name=""qrichtext"" content=""1"" /><style type=""text/css"">
p, li { white-space: pre-wrap; }
</style></head><body style="" font-family:'Lato'; font-size:15pt; font-weight:400; font-style:normal;"">
<p style="" margin-top:0px; margin-bottom:0px; margin-left:0px; margin-right:0px; -qt-block-indent:0; text-indent:0px;"">www.msj.gm</p></body></html>",Momodou Salieu Jallow,"3",,Money Transfer and exchange,,,"1","1",,Amidou Kamateh,Compliant,"3017853",akamateh5@gmail.com,JPEG_20210407_121521_5286781746659186166.jpg,JPEG_20210407_121611_185938877538326042.jpg,JPEG_20210407_121637_9020082469592238632.jpg,,2021/04/07 11:53:27,sainey@mettafly.com,-1856064.3790384,1507589.89480795,,,"4",./2.png
-16.6679921814675,13.4214537984208,"12","5",Tallinding Community Health Centre ,German Clinic ,Tallinding Children Health Centre ,Tallinding South,"7727209","<!DOCTYPE HTML PUBLIC ""-//W3C//DTD HTML 4.0//EN"" ""http://www.w3.org/TR/REC-html40/strict.dtd"">
<html><head><meta name=""qrichtext"" content=""1"" /><style type=""text/css"">
p, li { white-space: pre-wrap; }
</style></head><body style="" font-family:'Lato'; font-size:15pt; font-weight:400; font-style:normal;"">
<p style=""-qt-paragraph-type:empty; margin-top:0px; margin-bottom:0px; margin-left:0px; margin-right:0px; -qt-block-indent:0; text-indent:0px;""><br /></p></body></html>",Community ,"10",,Health Care,"100","50","1","1",,Lamin O. Ceesay,Lab Technician ,"7888041",lockiang@yahoo.com,JPEG_20210406_140533_6750417060736527752.jpg,IMG_20210406_140932_6.jpg,IMG_20210406_140902_9.jpg,,2021/04/06 13:54:51,sainey@mettafly.com,-1855460.48809839,1507889.43163044,,,,./3.png
-16.6643408297525,13.4207646371269,"13","4",Tallinding Medina Cemetery ,,,Fajikunda ,"7798632","<!DOCTYPE HTML PUBLIC ""-//W3C//DTD HTML 4.0//EN"" ""http://www.w3.org/TR/REC-html40/strict.dtd"">
<html><head><meta name=""qrichtext"" content=""1"" /><style type=""text/css"">
p, li { white-space: pre-wrap; }
</style></head><body style="" font-family:'Lato'; font-size:15pt; font-weight:400; font-style:normal;"">
<p style=""-qt-paragraph-type:empty; margin-top:0px; margin-bottom:0px; margin-left:0px; margin-right:0px; -qt-block-indent:0; text-indent:0px;""><br /></p></body></html>",Community ,,,Cemetery ,"5000","2700",,,Side wall fence down,Ousman Fatty,Caretaker ,"7798632",,IMG_20210406_153012_0.jpg,IMG_20210406_152920_4.jpg,JPEG_20210406_160255_5174727060143432409.jpg,,2021/04/06 15:51:03,sainey@mettafly.com,-1854919.19279029,1507245.8680693,,"6",,./1.png
-16.661175,13.4278833333333,"14","14",J.T.T2 Nursery School,,,Tallinding Farokono,"7704445",,Sulay Jatta,"4",1993/09/01,Educational,,,"1","1",,Sulay Jatta,Proprietor,"7704445",sulayjatta22@gmail.com,JPEG_20210405_123402_8832102598530072798.jpg,JPEG_20210405_123434_8570530817738726925.jpg,JPEG_20210405_123451_3700931257717779536.jpg,,2021/04/05 12:11:29,sainey@mettafly.com,-1854713.51701762,1508659.58280611,"2",,,./4.png
-16.663760958609,13.4267111620495,"15","11",Masjid Abubakr ,,,Tallinding Gidima,"7092455","<!DOCTYPE HTML PUBLIC ""-//W3C//DTD HTML 4.0//EN"" ""http://www.w3.org/TR/REC-html40/strict.dtd"">
<html><head><meta name=""qrichtext"" content=""1"" /><style type=""text/css"">
p, li { white-space: pre-wrap; }
</style></head><body style="" font-family:'Lato'; font-size:15pt; font-weight:400; font-style:normal;"">
<p style=""-qt-paragraph-type:empty; margin-top:0px; margin-bottom:0px; margin-left:0px; margin-right:0px; -qt-block-indent:0; text-indent:0px;""><br /></p></body></html>",Imam Bekai Marr,"6",,,,,"1","1",,Imam Bekai Marr,Imam,"7092455",,JPEG_20210405_110345_7929338043672460326.jpg,JPEG_20210405_110123_7714083985311689428.jpg,JPEG_20210405_110237_5987987575800064073.jpg,,2021/04/05 09:46:05,sainey@mettafly.com,-1855957.69785972,1508535.40683069,"3","6",,./0.png
-16.674135108863,13.420690835863,"16","8",Trust Agency,,,Tallinding Kunjang,"7708542","<!DOCTYPE HTML PUBLIC ""-//W3C//DTD HTML 4.0//EN"" ""http://www.w3.org/TR/REC-html40/strict.dtd"">
<html><head><meta name=""qrichtext"" content=""1"" /><style type=""text/css"">
p, li { white-space: pre-wrap; }
</style></head><body style="" font-family:'MS Shell Dlg 2'; font-size:8.25pt; font-weight:400; font-style:normal;"">
<p style="" margin-top:0px; margin-bottom:0px; margin-left:0px; margin-right:0px; -qt-block-indent:0; text-indent:0px;"">NULL</p></body></html>",Amadou Tafsir Jallow,,,"Real Estate Agency; Rental; ",,,"1","1",,Amadou Tafsir Jallow,CEO,"7708542",tafsir85@gmail.com,JPEG_20210407_132608_5953133555997726178.jpg,JPEG_20210407_132625_1114106319069352576.jpg,JPEG_20210407_132640_3741556799739976044.jpg,,2021/04/07 12:57:02,sainey@mettafly.com,-1856143.04481189,1507836.90358473,,,"3",./2.png
-16.6741242374468,13.4206561094251,"17","7",Alh. LJ Sing's Mini Market,,,Tallinding Kunjang,"7371003","<!DOCTYPE HTML PUBLIC ""-//W3C//DTD HTML 4.0//EN"" ""http://www.w3.org/TR/REC-html40/strict.dtd"">
<html><head><meta name=""qrichtext"" content=""1"" /><style type=""text/css"">
p, li { white-space: pre-wrap; }
</style></head><body style="" font-family:'MS Shell Dlg 2'; font-size:8.25pt; font-weight:400; font-style:normal;"">
<p style=""-qt-paragraph-type:empty; margin-top:0px; margin-bottom:0px; margin-left:0px; margin-right:0px; -qt-block-indent:0; text-indent:0px; font-family:'Lato'; font-size:15pt;""><br /></p></body></html>",Abubacarr Singhateh,"5",,Shopping,,,"1","0",,Nasir Singhateh,Co-Founder,"3165056",,JPEG_20210407_125133_4462911077416878146.jpg,JPEG_20210407_125154_4091549557314018146.jpg,JPEG_20210407_125209_9092507025311551427.jpg,,2021/04/07 12:44:37,sainey@mettafly.com,-1856150.09504631,1507832.1350545,,,,./5.png
-16.6742346187875,13.4215191742989,"18","8",Bonanza Win,,,Tallinding Kunjang,"7307178","<!DOCTYPE HTML PUBLIC ""-//W3C//DTD HTML 4.0//EN"" ""http://www.w3.org/TR/REC-html40/strict.dtd"">
<html><head><meta name=""qrichtext"" content=""1"" /><style type=""text/css"">
p, li { white-space: pre-wrap; }
</style></head><body style="" font-family:'MS Shell Dlg 2'; font-size:8.25pt; font-weight:400; font-style:normal;"">
<p style="" margin-top:0px; margin-bottom:0px; margin-left:0px; margin-right:0px; -qt-block-indent:0; text-indent:0px;"">NULL</p></body></html>",Bonanzawin,,,,,,"1","1",,Lamin Sidibeh,Branch Manager,"7307178",,JPEG_20210407_134038_5787263630524507238.jpg,JPEG_20210407_134111_1912092762426577097.jpg,JPEG_20210407_134132_7342346019263253524.jpg,,2021/04/07 13:35:52,sainey@mettafly.com,-1856176.99725658,1507932.65584668,,,"5",./2.png
-16.6724766666667,13.4279816666667,"19","11",Masjid Asmaa Bintu Abibakr,Madrasatu Asma Bintu Abibakr ,,Tallinding Kunjang,"9959642",,Asmaa'u Bunyu Abibacarr,,,Quranic Memorization,,,"1","1",,Kebba Drammeh/Hydara ,Founder,"7081321",,JPEG_20210408_105005_4661801503469356448.jpg,JPEG_20210408_105108_7028375207137767489.jpg,JPEG_20210408_105157_2587267685843809077.jpg,,2021/04/08 10:45:56,sainey@mettafly.com,-1855971.61279607,1508670.83687771,,"6",,./0.png
-16.6652577233677,13.4292633226206,"20","11",Masjid Koloban,,,Tallinding Koloban,"2233477","<!DOCTYPE HTML PUBLIC ""-//W3C//DTD HTML 4.0//EN"" ""http://www.w3.org/TR/REC-html40/strict.dtd"">
<html><head><meta name=""qrichtext"" content=""1"" /><style type=""text/css"">
p, li { white-space: pre-wrap; }
</style></head><body style="" font-family:'MS Shell Dlg 2'; font-size:8.25pt; font-weight:400; font-style:normal;"">
<p style="" margin-top:0px; margin-bottom:0px; margin-left:0px; margin-right:0px; -qt-block-indent:0; text-indent:0px;"">NULL</p></body></html>",Imam Nyang,,,Prayers,,,"1","0",,Imam Momodou Nyang,Imaam,"2233477",,JPEG_20210408_114136_4229116545050375759.jpg,JPEG_20210408_114200_6574532473691712581.jpg,JPEG_20210408_114224_1460654415902149175.jpg,,2021/04/08 11:38:41,sainey@mettafly.com,-1855178.64695665,1508815.61424396,,"6",,./0.png
-16.6644116666667,13.4318916666667,"21","14",Royal Seeds,,,Tallinding Koloban,,,Royal Seeds,,,,,,"1","1",,Nil,Nill,,,JPEG_20210408_120129_2233282591511812713.jpg,JPEG_20210408_120203_937559768164162144.jpg,JPEG_20210408_120229_2576177889418787461.jpg,,2021/04/08 11:59:55,sainey@mettafly.com,-1855073.82110282,1509118.3330216,"3",,,./4.png
-16.6668,13.431375,"22","8",AMM Financial Services & Bureau De Change Ltd,,,Tallinding Koloban,"9921428","<!DOCTYPE HTML PUBLIC ""-//W3C//DTD HTML 4.0//EN"" ""http://www.w3.org/TR/REC-html40/strict.dtd"">
<html><head><meta name=""qrichtext"" content=""1"" /><style type=""text/css"">
p, li { white-space: pre-wrap; }
</style></head><body style="" font-family:'MS Shell Dlg 2'; font-size:8.25pt; font-weight:400; font-style:normal;"">
<p style="" margin-top:0px; margin-bottom:0px; margin-left:0px; margin-right:0px; -qt-block-indent:0; text-indent:0px;"">NULL</p></body></html>",Abdoulie Jallow,"2",,"Money exchange; money transfer; Western Union; MoneyGram; Ria Money Transfer; Transfast; Small World; Diamono Money Transfer, Nafa, WorldRemit",,,"1","0",,Momodou Salieu Jallow,Staff,"7528776",,JPEG_20210408_124502_6448007614348332327.jpg,JPEG_20210408_124529_6536200869469536496.jpg,JPEG_20210408_124552_157785881409245206.jpg,,2021/04/08 12:40:22,sainey@mettafly.com,-1855339.68915333,1509059.20054693,,,"3",./2.png
-16.668465,13.43417,"23","15",Gamtel House,,,Tallinding Koloban,,"<!DOCTYPE HTML PUBLIC ""-//W3C//DTD HTML 4.0//EN"" ""http://www.w3.org/TR/REC-html40/strict.dtd"">
<html><head><meta name=""qrichtext"" content=""1"" /><style type=""text/css"">
p, li { white-space: pre-wrap; }
</style></head><body style="" font-family:'MS Shell Dlg 2'; font-size:8.25pt; font-weight:400; font-style:normal;"">
<p style="" margin-top:0px; margin-bottom:0px; margin-left:0px; margin-right:0px; -qt-block-indent:0; text-indent:0px;"">NULL</p></body></html>",Gamtel,,,Broad band service,,,"1","1",,Nill,Nill,,,JPEG_20210408_133126_2911499027148923204.jpg,JPEG_20210408_133241_8302508612103165847.jpg,JPEG_20210408_133335_153489390032089122.jpg,,2021/04/08 13:29:10,sainey@mettafly.com,-1855525.0361055,1509379.08967888,,,,./6.png
-16.6695716666667,13.4340933333333,"24","14",Tallinding Upper Basic School,,,Tallinding ,"7729363",,MOBSE,"103",,Education,"2000","1888","1","1",,Demba Keita,Principal,"7729363",,JPEG_20210408_134942_6035256514664724743.jpg,JPEG_20210408_134745_7724007493948076429.jpg,JPEG_20210408_134732_5350272685191661561.jpg,,2021/04/08 13:39:56,sainey@mettafly.com,-1855648.22967531,1509370.31509125,"3",,,./4.png
-16.6741371209118,13.4207264646686,"25","5",Abdul's Dental Care Lab,,Fula Dent,Tallinding ,"7417483","<!DOCTYPE HTML PUBLIC ""-//W3C//DTD HTML 4.0//EN"" ""http://www.w3.org/TR/REC-html40/strict.dtd"">
<html><head><meta name=""qrichtext"" content=""1"" /><style type=""text/css"">
p, li { white-space: pre-wrap; }
</style></head><body style="" font-family:'MS Shell Dlg 2'; font-size:8.25pt; font-weight:400; font-style:normal;"">
<p style=""-qt-paragraph-type:empty; margin-top:0px; margin-bottom:0px; margin-left:0px; margin-right:0px; -qt-block-indent:0; text-indent:0px; font-family:'Lato'; font-size:15pt;""><br /></p></body></html>",Yassin Jallow,"6",,Dental Services ,,,"1","1",If expanded will help the community ,Modou Faye,Dental Assistant ,"3170788",fayemodou19@gmail.com ,IMG_20210407_130324_1.jpg,IMG_20210407_130334_6.jpg,IMG_20210407_130319_6.jpg,,2021/04/07 12:52:31,sainey@mettafly.com,-1856156.45371713,1507840.50455063,,,,./3.png
-16.6733268422656,13.4185856029638,"26","15",Sillah Star Travel Agency, ,,Tallinding South,"7080310","<!DOCTYPE HTML PUBLIC ""-//W3C//DTD HTML 4.0//EN"" ""http://www.w3.org/TR/REC-html40/strict.dtd"">
<html><head><meta name=""qrichtext"" content=""1"" /><style type=""text/css"">
p, li { white-space: pre-wrap; }
</style></head><body style="" font-family:'Lato'; font-size:15pt; font-weight:400; font-style:normal;"">
<p style="" margin-top:0px; margin-bottom:0px; margin-left:0px; margin-right:0px; -qt-block-indent:0; text-indent:0px;"">www.sillahstar.com</p></body></html>",Omar Sillah,"1",,Travelling Agency ,,"10","1","1",,Omar Sillah,Proprietor ,"3936473",sillahstartravelagency@gmail.com ,IMG_20210407_120630_8.jpg,IMG_20210407_120649_8.jpg,IMG_20210407_120641_8.jpg,,2021/04/07 11:57:05,sainey@mettafly.com,-1856066.25391083,1507595.49525976,,,,./6.png
-16.6665462986626,13.4311137872415,"27","15",Garage Koloban ,,,Tallinding Koloban ,"7142071","<!DOCTYPE HTML PUBLIC ""-//W3C//DTD HTML 4.0//EN"" ""http://www.w3.org/TR/REC-html40/strict.dtd"">
<html><head><meta name=""qrichtext"" content=""1"" /><style type=""text/css"">
p, li { white-space: pre-wrap; }
</style></head><body style="" font-family:'Lato'; font-size:15pt; font-weight:400; font-style:normal;"">
<p style=""-qt-paragraph-type:empty; margin-top:0px; margin-bottom:0px; margin-left:0px; margin-right:0px; -qt-block-indent:0; text-indent:0px;""><br /></p></body></html>",Omar Jah,"7",,Transportation ,"35","25",,,Will require proper logistics to set a standard operating procedures. ,Omar Jah,President ,"7142071",,JPEG_20210408_130135_2753963358503181061.jpg,JPEG_20210408_130248_8884838981254981661.jpg,JPEG_20210408_130304_6383983124871342176.jpg,,2021/04/08 12:56:49,sainey@mettafly.com,-1855297.15034303,1509030.89335318,,,,./6.png
-16.6682506418003,13.4337413017525,"28","12",Tallinding Main Police Station ,,,Tallinding Koloban ,"3946922",,GPF,"53",,Policing ,,,"1","1",,Ousman B. Sanneh,Station Officer,"3949641",,JPEG_20210408_131720_7285694650789875869.jpg,JPEG_20210408_131752_7257257395560877439.jpg,JPEG_20210408_131831_755683078785941633.jpg,,2021/04/08 13:13:16,sainey@mettafly.com,-1855501.17385986,1509330.02471049,,,,./7.png
-16.6733863280851,13.4258980866481,"29","11",Tallinding Central Mosque ,,,Tallinding Central,,,,,,,,,,,,Nyang Sonko,Care Taker,"7297294",,210408-153851.jpg,210408-153858.jpg,210408-153912.jpg,,2021/04/05 11:39:34,sainey@mettafly.com,-1856077.95918654,1508440.7952004,,"6",,./0.png
-16.675279,13.4308277,"30","14",Institute of Social Research and Development,,,Tallinding,"9913272","<!DOCTYPE HTML PUBLIC ""-//W3C//DTD HTML 4.0//EN"" ""http://www.w3.org/TR/REC-html40/strict.dtd"">
<html><head><meta name=""qrichtext"" content=""1"" /><style type=""text/css"">
p, li { white-space: pre-wrap; }
</style></head><body style="" font-family:'Lato'; font-size:15pt; font-weight:400; font-style:normal;"">
<p style="" margin-top:0px; margin-bottom:0px; margin-left:0px; margin-right:0px; -qt-block-indent:0; text-indent:0px;"">israd2018.com</p></body></html>",Irad farm,"3",,Education,"3",,"1","1",,Falie C K Baldeh,Director,"3589536",irad2018@gmail.com,JPEG_20210408_125342_1583832994576238967.jpg,JPEG_20210408_125411_3427186354430415225.jpg,,,2021/04/08 12:31:08,sainey@mettafly.com,-1856283.56711577,1508996.56222766,"3",,,./4.png
-16.6763316,13.4344032,"32","2",Serrekunda Fire Station,,,Tallinding,"4372707",,"Government, by Gambia fire and rescue service",,,Fire and rescue services,,,"1","1",,Pateh Gibbeh,P R O,"3136325",,JPEG_20210408_144806_5767306834748739752.jpg,JPEG_20210408_144855_3331522243116126829.jpg,,,2021/04/08 14:29:57,sainey@mettafly.com,-1856400.74201178,1509405.77970264,,,,./8.png
-16.6744593624181,13.4276204556352,"33","5",Divine Drug Store,,,Tallinding ,"9936132","<!DOCTYPE HTML PUBLIC ""-//W3C//DTD HTML 4.0//EN"" ""http://www.w3.org/TR/REC-html40/strict.dtd"">
<html><head><meta name=""qrichtext"" content=""1"" /><style type=""text/css"">
p, li { white-space: pre-wrap; }
</style></head><body style="" font-family:'Lato'; font-size:15pt; font-weight:400; font-style:normal;"">
<p style=""-qt-paragraph-type:empty; margin-top:0px; margin-bottom:0px; margin-left:0px; margin-right:0px; -qt-block-indent:0; text-indent:0px;""><br /></p></body></html>",Dr Dike,"5",,Medication ,"7","7","1","1",,Muhammed Touray,Pharmacist ,"3756195",touraymuhammed2020@gmail.com,210409-105759.jpg,210409-105807.jpg,210409-105820.jpg,,2021/04/09 10:36:16,sainey@mettafly.com,-1856192.32547751,1508629.49695312,,,,./3.png
-16.6751003265536,13.4316324954977,"34","11",Masjid Dodou Badjie,,,Tallinding ,"7785159",,Imam Jarju,"10",2018/12/28,Worship ,"600","300","1","1",,Ensa Badjie,Owner,"241397",,210409-115712.jpg,210409-115718.jpg,210409-124641.jpg,,2021/04/09 11:45:29,sainey@mettafly.com,-1856263.6772787,1509088.67087811,,"6",,./0.png
-16.673943244748,13.4233368955126,"35","5",St Anthonyâ€™s Drug Store,,,Tallinding ,"7597817","<!DOCTYPE HTML PUBLIC ""-//W3C//DTD HTML 4.0//EN"" ""http://www.w3.org/TR/REC-html40/strict.dtd"">
<html><head><meta name=""qrichtext"" content=""1"" /><style type=""text/css"">
p, li { white-space: pre-wrap; }
</style></head><body style="" font-family:'Lato'; font-size:15pt; font-weight:400; font-style:normal;"">
<p style=""-qt-paragraph-type:empty; margin-top:0px; margin-bottom:0px; margin-left:0px; margin-right:0px; -qt-block-indent:0; text-indent:0px;""><br /></p></body></html>",Hoja Jaw,"2",,Medical supplies ,"20","15","1","1",,Hoja Jaw,CEO,"7597817",,210409-100733.jpg,210409-100758.jpg,,,2021/04/09 10:02:53,sainey@mettafly.com,-1856120.69375557,1508136.23804474,,,,./3.png
-16.6742607786056,13.421515895477,"36","14",SS Institute of Creative Design ,,,"122 Kombo Sillah drive, Tallinding ","2796048","<!DOCTYPE HTML PUBLIC ""-//W3C//DTD HTML 4.0//EN"" ""http://www.w3.org/TR/REC-html40/strict.dtd"">
<html><head><meta name=""qrichtext"" content=""1"" /><style type=""text/css"">
p, li { white-space: pre-wrap; }
</style></head><body style="" font-family:'Lato'; font-size:15pt; font-weight:400; font-style:normal;"">
<p style=""-qt-paragraph-type:empty; margin-top:0px; margin-bottom:0px; margin-left:0px; margin-right:0px; -qt-block-indent:0; text-indent:0px;""><br /></p></body></html>",Suwaibou Fabureh,"8",,"Tailoring, salon and hairdressing","80","45","1","1",,Suwaibou Fabureh,Central manager,"3566954",suwaiboufabs@gmail.com,210409-103607.jpg,210409-103335.jpg,,,2021/04/09 10:26:36,sainey@mettafly.com,-1856160.33053489,1507933.47201037,"5",,,./4.png
-16.6742602587638,13.4217502380632,"37","8",BWinners Tallinding branch,,,Tallinding ,"2122211","<!DOCTYPE HTML PUBLIC ""-//W3C//DTD HTML 4.0//EN"" ""http://www.w3.org/TR/REC-html40/strict.dtd"">
<html><head><meta name=""qrichtext"" content=""1"" /><style type=""text/css"">
p, li { white-space: pre-wrap; }
</style></head><body style="" font-family:'MS Shell Dlg 2'; font-size:8.25pt; font-weight:400; font-style:normal;"">
<p style="" margin-top:0px; margin-bottom:0px; margin-left:0px; margin-right:0px; -qt-block-indent:0; text-indent:0px;""><span style="" font-family:'Lato'; font-size:15pt;"">Bwinners.net</span></p></body></html>",Assan Lashor,"13",,Sports betting ,"35","17","1","0",,Abass Drammeh,Manager,"2884965",abassdrammeh843@gmail.com,210409-102059.jpg,210409-102112.jpg,210409-102127.jpg,,2021/04/09 10:15:23,sainey@mettafly.com,-1856172.70303239,1507942.89682068,,,"5",./2.png
-16.6752171702838,13.4229748277118,"38","11",Christ Apostolic Church The Gambia,,,"Kombo Sillah Drive, Tallinding ","7781554","<!DOCTYPE HTML PUBLIC ""-//W3C//DTD HTML 4.0//EN"" ""http://www.w3.org/TR/REC-html40/strict.dtd"">
<html><head><meta name=""qrichtext"" content=""1"" /><style type=""text/css"">
p, li { white-space: pre-wrap; }
</style></head><body style="" font-family:'MS Shell Dlg 2'; font-size:8.25pt; font-weight:400; font-style:normal;"">
<p style="" margin-top:0px; margin-bottom:0px; margin-left:0px; margin-right:0px; -qt-block-indent:0; text-indent:0px;""><span style="" font-family:'Lato'; font-size:15pt;"">www.cacworldwideonline.com</span></p></body></html>",Pastor Gideon Adeoye,"1",,"Worship, Community Service ","120","100","1","1",,Pastor Gideon Adeoye,District Superintendent ,"7781554",cacgambia@hotmail.com,210409-115633.jpg,210409-115706.jpg,,,2021/04/09 11:33:43,sainey@mettafly.com,-1856276.68426325,1508097.81910228,,"3",,./0.png
-16.6742886899584,13.4215547840584,"39","15",King FM Radio,,,"112 kombo Sillah drive, Tallinding ","9991898","<!DOCTYPE HTML PUBLIC ""-//W3C//DTD HTML 4.0//EN"" ""http://www.w3.org/TR/REC-html40/strict.dtd"">
<html><head><meta name=""qrichtext"" content=""1"" /><style type=""text/css"">
p, li { white-space: pre-wrap; }
</style></head><body style="" font-family:'MS Shell Dlg 2'; font-size:8.25pt; font-weight:400; font-style:normal;"">
<p style="" margin-top:0px; margin-bottom:0px; margin-left:0px; margin-right:0px; -qt-block-indent:0; text-indent:0px;""><span style="" font-family:'Lato'; font-size:15pt;"">www.kingfmgambia.gm</span></p></body></html>",Gibi Jallow,"20",,"Advertisement, talk shows, entertainment ","50","6","1","1",,Gibi Jallow ,Manager,"3991898",gibisjallow80@gmail.com,210409-105617.jpg,210409-105518.jpg,,,2021/04/09 10:44:20,sainey@mettafly.com,-1856168.24296164,1507931.40958412,,,,./6.png
-16.675188587994,13.4229387855282,"40","14",Highland School (Annex) The Gambia,,,"Kombo Sillah Drive, Tallinding ","2308830","<!DOCTYPE HTML PUBLIC ""-//W3C//DTD HTML 4.0//EN"" ""http://www.w3.org/TR/REC-html40/strict.dtd"">
<html><head><meta name=""qrichtext"" content=""1"" /><style type=""text/css"">
p, li { white-space: pre-wrap; }
</style></head><body style="" font-family:'MS Shell Dlg 2'; font-size:8.25pt; font-weight:400; font-style:normal;"">
<p style=""-qt-paragraph-type:empty; margin-top:0px; margin-bottom:0px; margin-left:0px; margin-right:0px; -qt-block-indent:0; text-indent:0px; font-family:'Lato'; font-size:15pt;""><br /></p></body></html>",Christ Apostolic Church The Gambia,"4",,"Basic Education; Daycare Services","70","25","1","1",,Deborah Adeoye,Administrator,"2308830",highlandschool2008@gmail.com,210409-120625.jpg,210409-120642.jpg,,,2021/04/09 11:58:30,sainey@mettafly.com,-1856273.5024973,1508093.69422526,"2",,,./4.png
-16.6747419,13.428567,"41","8",Supersonicz The Micro-Finance,,Supersonic Money Transfer,Tallinding,"4380171","<!DOCTYPE HTML PUBLIC ""-//W3C//DTD HTML 4.0//EN"" ""http://www.w3.org/TR/REC-html40/strict.dtd"">
<html><head><meta name=""qrichtext"" content=""1"" /><style type=""text/css"">
p, li { white-space: pre-wrap; }
</style></head><body style="" font-family:'Lato'; font-size:15pt; font-weight:400; font-style:normal;"">
<p style="" margin-top:0px; margin-bottom:0px; margin-left:0px; margin-right:0px; -qt-block-indent:0; text-indent:0px;"">www.supersonicz.gm</p></body></html>",Gambian,"150",2015/02/20,"Provide Loans, Asset Financing, Money Transfer",,,"1","1",,Lang K Kinteh,Branch ,"3971825",kinteh.langk@supersonic.gm,JPEG_20210408_115421_2848126460731296489.jpg,JPEG_20210408_115648_938752977681807651.jpg,JPEG_20210408_115722_837549490695096427.jpg,,2021/04/08 11:45:38,sainey@mettafly.com,-1856223.77741726,1508737.8273112,,,"2",./2.png
-16.6681803468932,13.4274017851007,"42","11",Masjid Uthman Bin Affan,,,Tallinding Gilifitty Kunda,"7258112","<!DOCTYPE HTML PUBLIC ""-//W3C//DTD HTML 4.0//EN"" ""http://www.w3.org/TR/REC-html40/strict.dtd"">
<html><head><meta name=""qrichtext"" content=""1"" /><style type=""text/css"">
p, li { white-space: pre-wrap; }
</style></head><body style="" font-family:'Lato'; font-size:15pt; font-weight:400; font-style:normal;"">
<p style="" margin-top:0px; margin-bottom:0px; margin-left:0px; margin-right:0px; -qt-block-indent:0; text-indent:0px;"">N/A</p></body></html>",Community,"5",,Prayer,"150","150","1","1",,Amara Conteh,Committee,"2848995",,JPEG_20210405_110551_7396578511243063501.jpg,,,,2021/04/05 10:35:54,sainey@mettafly.com,-1855493.3486666,1508604.47055111,,"6",,./0.png
-16.6720517982484,13.4259547026023,"44","11",Masjid Khalid bin Walid,Famara Badjie Mosque,,Tallinding Kunjang,,"<!DOCTYPE HTML PUBLIC ""-//W3C//DTD HTML 4.0//EN"" ""http://www.w3.org/TR/REC-html40/strict.dtd"">
<html><head><meta name=""qrichtext"" content=""1"" /><style type=""text/css"">
p, li { white-space: pre-wrap; }
</style></head><body style="" font-family:'MS Shell Dlg 2'; font-size:8.25pt; font-weight:400; font-style:normal;"">
<p style="" margin-top:0px; margin-bottom:0px; margin-left:0px; margin-right:0px; -qt-block-indent:0; text-indent:0px;"">NULL</p></body></html>",Mosque Committee ,"5",2006/06/15,"Prayers; Marriage",,,"0","0",,Imam Ansumana Sanneh,Imaam,"7313765",,210411-174652.jpg,210411-174710.jpg,210411-174728.jpg,,2021/04/08 10:55:44,sainey@mettafly.com,-1855931.62396791,1508439.80857714,,"6",,./0.png
-16.6759206987453,13.4329930486964,"45","3",Jah Oil Company Ltd,,,Tallinding,"7147273",,Hamidou Jah,"16",2021/02/16,"Gass Selling, Cement Sale",,,"1","1",,Madina Jah,Manager,"2223138",,JPEG_20210408_132224_3475695349798199357.jpg,JPEG_20210408_132340_5592122221055026891.jpg,JPEG_20210408_132521_4723607763406528929.jpg,,2021/04/08 12:39:07,sainey@mettafly.com,-1856291.0589175,1509010.89131714,,,,./9.png
-16.6710316,13.4266922,"46","4",Tallinding Gilifity Kunda Graveyard,,,Tallinding Gilifitty Kunda,,,Muslim Community,,,,,,,,,Ousman Sonko,Mosque Committee,"7807855",,JPEG_20210405_113427_1077228225298764954.jpg,JPEG_20210405_113456_4950113006387008878.jpg,,,2021/04/05 11:24:42,sainey@mettafly.com,-1855810.74871057,1508523.26012333,,"6",,./1.png
-16.6786004316594,13.4330216038566,"47","11",Ghadafi Mosque,,,Tallinding,,,Libyan(Muslim Community,"15",,Prayers,"2000",,"1","1",,Kemo Ceesay,Member,"2488399",,JPEG_20210408_142051_4247869142130139032.jpg,JPEG_20210408_142239_4506313157901237538.jpg,JPEG_20210408_142422_3579503728510011012.jpg,,2021/04/08 14:13:14,sainey@mettafly.com,-1856491.65663991,1509415.77130054,,"6",,./0.png
-16.6779352729942,13.4342293947257,"48","5",Bafrow Medical ,,,Tallinding,"3737411",,,,,Clinical Services,,,"1","1",,,,,,JPEG_20210408_134554_617731504841491346.jpg,JPEG_20210408_134719_7460018620929994107.jpg,JPEG_20210408_134744_7714472164017994461.jpg,,2021/04/08 13:40:20,sainey@mettafly.com,-1856579.26207289,1509385.88747504,,,,./3.png
-16.671021077346,13.4203688294314,"49","10",Rockas ,Buffer Zone Field ,,Tallinding ,"7930748","<!DOCTYPE HTML PUBLIC ""-//W3C//DTD HTML 4.0//EN"" ""http://www.w3.org/TR/REC-html40/strict.dtd"">
<html><head><meta name=""qrichtext"" content=""1"" /><style type=""text/css"">
p, li { white-space: pre-wrap; }
</style></head><body style="" font-family:'MS Shell Dlg 2'; font-size:8.25pt; font-weight:400; font-style:normal;"">
<p style="" margin-top:0px; margin-bottom:0px; margin-left:0px; margin-right:0px; -qt-block-indent:0; text-indent:0px;"">NULL</p></body></html>",KMC ,"2",,Sports,"30000",,"1","1",,Mrs Bojang ,Secretary ,"7828550",bntbojang@gmail.com,JPEG_20210407_110932_806185287.jpg,JPEG_20210407_110958_210525653.jpg,JPEG_20210407_111049_678488318.jpg,,2021/04/07 10:56:11,sainey@mettafly.com,-1855603.701879,1507892.9815622,,,,./10.png
-16.67222,13.4281933333333,"50","5",FirstCity Pathology Laboratory ,,,Tallinding ,"7447801","<!DOCTYPE HTML PUBLIC ""-//W3C//DTD HTML 4.0//EN"" ""http://www.w3.org/TR/REC-html40/strict.dtd"">
<html><head><meta name=""qrichtext"" content=""1"" /><style type=""text/css"">
p, li { white-space: pre-wrap; }
</style></head><body style="" font-family:'Lato'; font-size:15pt; font-weight:400; font-style:normal;"">
<p style="" margin-top:0px; margin-bottom:0px; margin-left:0px; margin-right:0px; -qt-block-indent:0; text-indent:0px;"">www.facebook.com/firstcityhealthcareservices</p></body></html>",Ude Agwu Nnachi ,"2",,Diagnosis centre ,,,"1","1",,Mr Agwu ,Owner ,"7447801",firstcityhealthcare20@gmail.com,JPEG_20210409_111751_889037331.jpg,JPEG_20210409_111832_1813136542.jpg,JPEG_20210409_111850_1239240721.jpg,,2021/04/09 11:10:40,sainey@mettafly.com,-1855943.04079343,1508695.06175934,,,,./3.png
-16.6745733333333,13.4275966666667,"51","5",Zam Zam Drug Store ,,,Tallinding ,"7996733",,Mrs Baldeh ,"2",2013/03/03,Medications ,"6",,"1",,,Mrs Baldeh ,Owner ,"7996733",mayabaldeh@gmail.com,JPEG_20210409_103555_751634315.jpg,JPEG_20210409_103622_89022340.jpg,JPEG_20210409_103631_1969831476.jpg,,2021/04/09 10:32:21,sainey@mettafly.com,-1856205.01266177,1508626.7743525,,,,./3.png
-16.6746242319459,13.4270633497264,"52","7",Tallinding Market,Marche Tallinding,,Tallinding ,"7589353","<!DOCTYPE HTML PUBLIC ""-//W3C//DTD HTML 4.0//EN"" ""http://www.w3.org/TR/REC-html40/strict.dtd"">
<html><head><meta name=""qrichtext"" content=""1"" /><style type=""text/css"">
p, li { white-space: pre-wrap; }
</style></head><body style="" font-family:'MS Shell Dlg 2'; font-size:8.25pt; font-weight:400; font-style:normal;"">
<p style="" margin-top:0px; margin-bottom:0px; margin-left:0px; margin-right:0px; -qt-block-indent:0; text-indent:0px;"">NULL</p></body></html>",KMC,,,Marketing ,"5000",,"1","1",,Mabintou Touray,Market Mistress ,"7589353",,JPEG_20210407_140109_1972436718754659563.jpg,JPEG_20210407_140130_7133226921598036382.jpg,JPEG_20210407_135933_5786156544797221911.jpg,,2021/04/07 13:48:59,sainey@mettafly.com,-1856233.15658367,1508545.16568943,,,,./5.png
-16.6749055311084,13.4209530288354,"53","11",Masjid hamza,,,Tallinding ,"7656810",,Community ,,,Prayer,"50",,"1","1",,Sering badjie,Chairman ,"7775061",,JPEG_20210407_132625_2356024552931695841.jpg,JPEG_20210407_132656_3678974276541657372.jpg,JPEG_20210407_132707_4546945902332150222.jpg,,2021/04/07 13:12:23,sainey@mettafly.com,-1856241.99274893,1507866.43364233,,"6",,./0.png
-16.6728337053132,13.4310090347262,"54","4",Tallinding Sicap Cemetery ,,,Tallinding Sicap,"7724483",,Community ,,,Burial,,,"1","1",,Babucarr Mansally,Caretake,"7724483",,JPEG_20210408_143051_790641493453858248.jpg,JPEG_20210408_143110_6207440005258026190.jpg,JPEG_20210408_143202_8733718730694836182.jpg,,2021/04/08 14:28:15,sainey@mettafly.com,-1856023.84117162,1509013.63387587,,,,./1.png
-16.6720167081803,13.4330627415329,"55","7",Tallinding Sicap Market,Marche Tayal,,Tallinding ,,"<!DOCTYPE HTML PUBLIC ""-//W3C//DTD HTML 4.0//EN"" ""http://www.w3.org/TR/REC-html40/strict.dtd"">
<html><head><meta name=""qrichtext"" content=""1"" /><style type=""text/css"">
p, li { white-space: pre-wrap; }
</style></head><body style="" font-family:'MS Shell Dlg 2'; font-size:8.25pt; font-weight:400; font-style:normal;"">
<p style="" margin-top:0px; margin-bottom:0px; margin-left:0px; margin-right:0px; -qt-block-indent:0; text-indent:0px;"">NULL</p></body></html>",KMC,,,Marketing,"2000",,"1","1",,KMC,,,,JPEG_20210408_142236_4565128294638307608.jpg,JPEG_20210408_142203_6487840924105631335.jpg,JPEG_20210408_142217_7163282011137955739.jpg,,2021/04/08 14:19:11,sainey@mettafly.com,-1855920.41045158,1509252.36295407,,,,./5.png
-16.6728965565562,13.4291547629982,"56","11",The Redeemed Christian Church of God,,,Tallinding ,,,Tallinding Christian Community ,,,Prayers,"200",,"1","1",,,,,,JPEG_20210408_144049_1340961323522609694.jpg,JPEG_20210408_144110_8987891091153498869.jpg,JPEG_20210408_144145_4546140085421128894.jpg,,2021/04/08 14:38:27,sainey@mettafly.com,-1856018.35472476,1508805.09598025,,"3",,./0.png
-16.6612810827792,13.4221755713224,"57","11",Masjid Abubacarr Sidiq,,,Tallinding farokono ,"7320994",,Dr. Alhagie kemo Ndure,"7",,Prayers,"100",,"1","1",,Mustapha Sarr,Caretaker ,"5271817",,JPEG_20210406_150149_1555084425598990751.jpg,JPEG_20210406_150227_7695058393057853677.jpg,JPEG_20210406_150254_6237448134465293839.jpg,,2021/04/06 14:56:29,sainey@mettafly.com,-1854725.32609858,1508006.34770012,,"6",,./0.png
-16.6673761513084,13.4341946337372,"58","11",Masjid Sicap,,,Tallinding Sicap,,,Community ,"10",,Prayers,"300",,"1","1",,,,,,JPEG_20210408_132342_5618477330538681200.jpg,JPEG_20210408_132359_6319369911763925311.jpg,JPEG_20210408_132425_1996153821448683100.jpg,,2021/04/08 13:20:04,sainey@mettafly.com,-1855403.8260236,1509381.90903885,,"6",,./0.png
-16.6646709194252,13.4316570987931,"59","11",Tallinding Koloban Mosque,,,Tallinding koloban,"7782854","<!DOCTYPE HTML PUBLIC ""-//W3C//DTD HTML 4.0//EN"" ""http://www.w3.org/TR/REC-html40/strict.dtd"">
<html><head><meta name=""qrichtext"" content=""1"" /><style type=""text/css"">
p, li { white-space: pre-wrap; }
</style></head><body style="" font-family:'MS Shell Dlg 2'; font-size:8.25pt; font-weight:400; font-style:normal;"">
<p style="" margin-top:0px; margin-bottom:0px; margin-left:0px; margin-right:0px; -qt-block-indent:0; text-indent:0px;"">NULL</p></body></html>",Community ,"10",,Prayers,"200","200","1","1",,Nfamara Badjie,Head Committee ,"7782854",mustaphabadjie778@gmail.com,JPEG_20210408_123051_1400847707137763932.jpg,JPEG_20210408_123010_826746173329605960.jpg,JPEG_20210408_123117_8556978104948083646.jpg,,2021/04/08 12:30:01,sainey@mettafly.com,-1855106.97005987,1509102.12997688,,"6",,./0.png
-16.6703372000469,13.4223428566543,"60","11",Mahad,Oulakabr,,Tallinding ,"9196423",,Bunene Jatta,"6",,Prayers,"500",,"1","1",,Bunene Jatta,Imam,"9196423",,JPEG_20210406_113500_7251226592137187195.jpg,JPEG_20210406_113545_2861620965871083245.jpg,JPEG_20210406_113559_6011010039217458858.jpg,,2021/04/06 11:29:22,sainey@mettafly.com,-1855697.22963132,1507908.70371879,,"6",,./0.png
-16.6619510482997,13.4227005718276,"61","14",Ayr'Luton Nursery school ,Dawada school ,CLF nursery school ,Tallinding medina ,"3844775",,Dawada Colly,"4",,Education ,"100","76",,,,Nfamara Colley,Deputy headmaster ,"3844775",famaracolly17@gmail.com,JPEG_20210406_144038_2056215669299701412.jpg,JPEG_20210406_144014_2263852841195810717.jpg,JPEG_20210406_144059_795443790153363352.jpg,,2021/04/06 14:35:00,sainey@mettafly.com,-1854799.90631917,1508066.43168011,"3",,,./4.png
-16.6674826687548,13.421527177383,"62","11",Tallinding Buffa Zone Mosque ,,,Tallinding Medina,"7599136","<!DOCTYPE HTML PUBLIC ""-//W3C//DTD HTML 4.0//EN"" ""http://www.w3.org/TR/REC-html40/strict.dtd"">
<html><head><meta name=""qrichtext"" content=""1"" /><style type=""text/css"">
p, li { white-space: pre-wrap; }
</style></head><body style="" font-family:'MS Shell Dlg 2'; font-size:8.25pt; font-weight:400; font-style:normal;"">
<p style="" margin-top:0px; margin-bottom:0px; margin-left:0px; margin-right:0px; -qt-block-indent:0; text-indent:0px;"">NULL</p></body></html>",Muhammed Drammeh ,"12",,Prayers,"300",,"1","1",,Karafa Ceesay,Mosque Comittee,"9944742",,JPEG_20210406_141416_6354494964932296243.jpg,JPEG_20210406_141441_9211072226543392227.jpg,JPEG_20210406_141506_3627007989018765658.jpg,,2021/04/06 14:10:27,sainey@mettafly.com,-1855423.30850835,1507925.89379232,,"6",,./0.png
-16.6749384768843,13.4190346522176,"63","9",Olympafric Centre,Serrekunda East Mini Stadium ,Serekunda East Park,Tallinding ,"7711152","<!DOCTYPE HTML PUBLIC ""-//W3C//DTD HTML 4.0//EN"" ""http://www.w3.org/TR/REC-html40/strict.dtd"">
<html><head><meta name=""qrichtext"" content=""1"" /><style type=""text/css"">
p, li { white-space: pre-wrap; }
</style></head><body style="" font-family:'MS Shell Dlg 2'; font-size:8.25pt; font-weight:400; font-style:normal;"">
<p style="" margin-top:0px; margin-bottom:0px; margin-left:0px; margin-right:0px; -qt-block-indent:0; text-indent:0px;"">NULL</p></body></html>",National Olympic Committee ,"8",,"Physical exercise; soccer","40",,"1","1",,Momodou Demba,Director ,"7711152",dembamodou@yahoo.com,JPEG_20210407_123558_5411424114670745587.jpg,JPEG_20210407_123542_8450544924761932296.jpg,JPEG_20210407_123457_1906178127562509237.jpg,,2021/04/07 12:22:50,sainey@mettafly.com,-1856007.37847919,1507766.34477673,,,,./11.png
-16.6643157803025,13.4209432383852,"64","4",Tallinding Medina Main Cemetery ,,,Tallinding ,"7742877",,,,,,,,"1","1",,Fabakary Jatta,Chair Taker,"7742877",,JPEG_20210405_132922_2232074024974694386.jpg,JPEG_20210405_132943_8697981668275976162.jpg,,,2021/04/05 13:24:25,sainey@mettafly.com,-1855646.77858006,1508294.53808282,,"6",,./1.png
-16.6609164450848,13.4298360421013,"65","12",Tallinding Farokono Police Station ,,,Tallinding Farokono,"3946978",,Gambia Police Force ,,,Policing Services ,,,"1","1",,D.S.P Jaja Sowe,Statoin Officer,"3946978",,JPEG_20210405_113132_6105042034526223454.jpg,JPEG_20210405_113147_1826423543044615782.jpg,,,2021/04/05 11:24:57,sainey@mettafly.com,-1854692.99525104,1508897.84111558,,,,./7.png
-16.6668957,13.4225774,"66","5",Touray's Drug Store,,,Tallinding ,"2809042",,Lamin Touray ,"2",,Consultancy/ Drug store,,,"1","1",,Lamin Touray ,Proprietor ,"7152963",,JPEG_20210406_133753_7640710508407421319.jpg,JPEG_20210406_133815_7582975539942431791.jpg,JPEG_20210406_133842_6776192848790467185.jpg,,2021/04/06 13:31:12,sainey@mettafly.com,-1855350.3424286,1508052.33519878,,,,./3.png
-16.6685715783387,13.4339823620394,"67","10",Tallinding Koloban Soccer Field,,,Tallinding Koloban,,"<!DOCTYPE HTML PUBLIC ""-//W3C//DTD HTML 4.0//EN"" ""http://www.w3.org/TR/REC-html40/strict.dtd"">
<html><head><meta name=""qrichtext"" content=""1"" /><style type=""text/css"">
p, li { white-space: pre-wrap; }
</style></head><body style="" font-family:'MS Shell Dlg 2'; font-size:8.25pt; font-weight:400; font-style:normal;"">
<p style="" margin-top:0px; margin-bottom:0px; margin-left:0px; margin-right:0px; -qt-block-indent:0; text-indent:0px;"">NULL</p></body></html>",Koloban Sports Committee ,,,"Exercise; Soccer","2000",,"0","0",,,,,,JPEG_20210408_133631_2840023135134165549.jpg,JPEG_20210408_133641_8400190656960027399.jpg,JPEG_20210408_133737_9166415990486631009.jpg,,2021/04/08 13:36:16,sainey@mettafly.com,-1855536.9003519,1509357.6143048,,,,./10.png
-16.669674217701,13.4333156654611,"68","14",Tallinding Lower Basic School ,,Tesito,Tallinding ,"6684261",,MOBSE,"100",,Education ,"1500","1380","1","1",,Mr Jammeh ,Vice Principal ,"2479520",,JPEG_20210408_140447_6654727675300641954.jpg,JPEG_20210408_140518_3537913769052504555.jpg,JPEG_20210408_140617_3710043310596702244.jpg,,2021/04/08 13:51:32,sainey@mettafly.com,-1855659.64560423,1509281.31027298,"3",,,./4.png
-16.6735827645677,13.4261656850012,"69","15",Taxi Stand ,,,Tallinding Kunjang,,,,,,,,,,,,Wuyeh Nyassi,Head,"7093116",,210411-182117.jpg,210411-182125.jpg,210411-182131.jpg,,2021/04/11 18:19:11,sainey@mettafly.com,-1856073.85368209,1508449.26089866,,,,./6.png
